event_id,commence_time,home_team,away_team,bookmaker,home_odds,draw_odds,away_odds,last_update
baa7dbc232573c12de3b94c5126518ec,2026-01-18T14:30:00Z,VfB Stuttgart,Union Berlin,marathonbet,1.7,4.05,5.1,2026-01-18T03:43:05Z
baa7dbc232573c12de3b94c5126518ec,2026-01-18T14:30:00Z,VfB Stuttgart,Union Berlin,coral,1.67,4.0,4.8,2026-01-18T03:43:17Z
baa7dbc232573c12de3b94c5126518ec,2026-01-18T14:30:00Z,VfB Stuttgart,Union Berlin,betway,1.7,3.8,4.75,2026-01-18T03:43:18Z
baa7dbc232573c12de3b94c5126518ec,2026-01-18T14:30:00Z,VfB Stuttgart,Union Berlin,nordicbet,1.68,3.95,4.95,2026-01-18T03:42:54Z
baa7dbc232573c12de3b94c5126518ec,2026-01-18T14:30:00Z,VfB Stuttgart,Union Berlin,betsson,1.68,3.95,4.95,2026-01-18T03:43:07Z
baa7dbc232573c12de3b94c5126518ec,2026-01-18T14:30:00Z,VfB Stuttgart,Union Berlin,parionssport_fr,1.66,3.95,4.9,2026-01-18T03:43:44Z
baa7dbc232573c12de3b94c5126518ec,2026-01-18T14:30:00Z,VfB Stuttgart,Union Berlin,coolbet,1.68,4.0,5.5,2026-01-18T03:43:05Z
baa7dbc232573c12de3b94c5126518ec,2026-01-18T14:30:00Z,VfB Stuttgart,Union Berlin,winamax_de,1.66,4.0,4.9,2026-01-18T03:42:52Z
baa7dbc232573c12de3b94c5126518ec,2026-01-18T14:30:00Z,VfB Stuttgart,Union Berlin,unibet_uk,1.67,3.9,4.8,2026-01-18T03:43:17Z
baa7dbc232573c12de3b94c5126518ec,2026-01-18T14:30:00Z,VfB Stuttgart,Union Berlin,winamax_fr,1.62,3.9,4.7,2026-01-18T03:42:52Z
baa7dbc232573c12de3b94c5126518ec,2026-01-18T14:30:00Z,VfB Stuttgart,Union Berlin,onexbet,1.73,4.11,5.18,2026-01-18T03:43:44Z
baa7dbc232573c12de3b94c5126518ec,2026-01-18T14:30:00Z,VfB Stuttgart,Union Berlin,pmu_fr,1.62,3.7,5.0,2026-01-18T03:43:18Z
baa7dbc232573c12de3b94c5126518ec,2026-01-18T14:30:00Z,VfB Stuttgart,Union Berlin,ladbrokes_uk,1.67,3.9,4.8,2026-01-18T03:43:04Z
baa7dbc232573c12de3b94c5126518ec,2026-01-18T14:30:00Z,VfB Stuttgart,Union Berlin,boylesports,1.67,3.75,4.5,2026-01-18T03:43:33Z
baa7dbc232573c12de3b94c5126518ec,2026-01-18T14:30:00Z,VfB Stuttgart,Union Berlin,betclic_fr,1.65,3.98,4.95,2026-01-18T03:37:10Z
baa7dbc232573c12de3b94c5126518ec,2026-01-18T14:30:00Z,VfB Stuttgart,Union Berlin,codere_it,1.67,4.0,5.0,2026-01-18T03:43:05Z
baa7dbc232573c12de3b94c5126518ec,2026-01-18T14:30:00Z,VfB Stuttgart,Union Berlin,paddypower,1.65,3.8,5.0,2026-01-18T03:43:17Z
baa7dbc232573c12de3b94c5126518ec,2026-01-18T14:30:00Z,VfB Stuttgart,Union Berlin,skybet,1.62,4.0,5.0,2026-01-18T03:43:05Z
baa7dbc232573c12de3b94c5126518ec,2026-01-18T14:30:00Z,VfB Stuttgart,Union Berlin,suprabets,1.67,3.91,5.0,2026-01-18T03:41:03Z
baa7dbc232573c12de3b94c5126518ec,2026-01-18T14:30:00Z,VfB Stuttgart,Union Berlin,tipico_de,1.65,3.9,5.2,2026-01-18T03:43:04Z
baa7dbc232573c12de3b94c5126518ec,2026-01-18T14:30:00Z,VfB Stuttgart,Union Berlin,smarkets,1.71,4.0,5.5,2026-01-18T03:43:45Z
baa7dbc232573c12de3b94c5126518ec,2026-01-18T14:30:00Z,VfB Stuttgart,Union Berlin,sport888,1.67,3.7,4.6,2026-01-18T03:43:31Z
baa7dbc232573c12de3b94c5126518ec,2026-01-18T14:30:00Z,VfB Stuttgart,Union Berlin,williamhill,1.67,3.7,4.6,2026-01-18T03:43:44Z
baa7dbc232573c12de3b94c5126518ec,2026-01-18T14:30:00Z,VfB Stuttgart,Union Berlin,betfair_ex_eu,1.72,4.0,5.6,2026-01-18T03:43:31Z
baa7dbc232573c12de3b94c5126518ec,2026-01-18T14:30:00Z,VfB Stuttgart,Union Berlin,betfair_ex_uk,1.72,4.0,5.6,2026-01-18T03:43:32Z
baa7dbc232573c12de3b94c5126518ec,2026-01-18T14:30:00Z,VfB Stuttgart,Union Berlin,unibet_se,1.62,4.1,5.4,2026-01-18T03:43:31Z
baa7dbc232573c12de3b94c5126518ec,2026-01-18T14:30:00Z,VfB Stuttgart,Union Berlin,casumo,1.57,4.0,5.3,2026-01-18T03:43:44Z
baa7dbc232573c12de3b94c5126518ec,2026-01-18T14:30:00Z,VfB Stuttgart,Union Berlin,leovegas_se,1.57,4.0,5.3,2026-01-18T03:43:46Z
baa7dbc232573c12de3b94c5126518ec,2026-01-18T14:30:00Z,VfB Stuttgart,Union Berlin,leovegas,1.56,4.0,5.25,2026-01-18T03:42:51Z
baa7dbc232573c12de3b94c5126518ec,2026-01-18T14:30:00Z,VfB Stuttgart,Union Berlin,grosvenor,1.57,4.0,5.3,2026-01-18T03:43:05Z
baa7dbc232573c12de3b94c5126518ec,2026-01-18T14:30:00Z,VfB Stuttgart,Union Berlin,unibet_nl,1.64,4.2,5.5,2026-01-18T03:43:31Z
baa7dbc232573c12de3b94c5126518ec,2026-01-18T14:30:00Z,VfB Stuttgart,Union Berlin,virginbet,1.55,3.95,5.25,2026-01-18T03:43:17Z
baa7dbc232573c12de3b94c5126518ec,2026-01-18T14:30:00Z,VfB Stuttgart,Union Berlin,livescorebet,1.53,3.9,5.2,2026-01-18T03:42:51Z
baa7dbc232573c12de3b94c5126518ec,2026-01-18T14:30:00Z,VfB Stuttgart,Union Berlin,matchbook,1.71,4.0,5.6,2026-01-18T03:43:31Z
baa7dbc232573c12de3b94c5126518ec,2026-01-18T14:30:00Z,VfB Stuttgart,Union Berlin,pinnacle,1.69,4.01,5.11,2026-01-18T03:43:44Z
baa7dbc232573c12de3b94c5126518ec,2026-01-18T14:30:00Z,VfB Stuttgart,Union Berlin,gtbets,1.7,3.97,4.86,2026-01-18T03:43:32Z
baa7dbc232573c12de3b94c5126518ec,2026-01-18T14:30:00Z,VfB Stuttgart,Union Berlin,betonlineag,1.68,3.95,5.0,2026-01-18T03:42:51Z
baa7dbc232573c12de3b94c5126518ec,2026-01-18T14:30:00Z,VfB Stuttgart,Union Berlin,everygame,1.67,3.9,5.0,2026-01-18T03:43:17Z
baa7dbc232573c12de3b94c5126518ec,2026-01-18T14:30:00Z,VfB Stuttgart,Union Berlin,unibet_fr,1.63,4.05,5.05,2026-01-18T03:43:04Z
baa7dbc232573c12de3b94c5126518ec,2026-01-18T14:30:00Z,VfB Stuttgart,Union Berlin,betvictor,1.65,3.9,5.0,2026-01-18T03:38:07Z
baa7dbc232573c12de3b94c5126518ec,2026-01-18T14:30:00Z,VfB Stuttgart,Union Berlin,betfair_sb_uk,1.62,3.4,4.5,2026-01-18T03:43:11Z
6127455e36c2c5474eeb98ba9a14834e,2026-01-18T16:30:00Z,Augsburg,SC Freiburg,nordicbet,2.88,3.25,2.52,2026-01-18T03:42:54Z
6127455e36c2c5474eeb98ba9a14834e,2026-01-18T16:30:00Z,Augsburg,SC Freiburg,betclic_fr,2.8,3.23,2.42,2026-01-18T03:37:10Z
6127455e36c2c5474eeb98ba9a14834e,2026-01-18T16:30:00Z,Augsburg,SC Freiburg,coral,2.75,3.4,2.5,2026-01-18T03:43:17Z
6127455e36c2c5474eeb98ba9a14834e,2026-01-18T16:30:00Z,Augsburg,SC Freiburg,unibet_uk,2.85,3.25,2.5,2026-01-18T03:43:17Z
6127455e36c2c5474eeb98ba9a14834e,2026-01-18T16:30:00Z,Augsburg,SC Freiburg,parionssport_fr,2.7,3.25,2.5,2026-01-18T03:43:44Z
6127455e36c2c5474eeb98ba9a14834e,2026-01-18T16:30:00Z,Augsburg,SC Freiburg,winamax_de,2.85,3.35,2.5,2026-01-18T03:42:52Z
6127455e36c2c5474eeb98ba9a14834e,2026-01-18T16:30:00Z,Augsburg,SC Freiburg,smarkets,2.96,3.35,2.6,2026-01-18T03:43:45Z
6127455e36c2c5474eeb98ba9a14834e,2026-01-18T16:30:00Z,Augsburg,SC Freiburg,betway,2.88,3.2,2.5,2026-01-18T03:43:18Z
6127455e36c2c5474eeb98ba9a14834e,2026-01-18T16:30:00Z,Augsburg,SC Freiburg,codere_it,2.85,3.3,2.5,2026-01-18T03:43:05Z
6127455e36c2c5474eeb98ba9a14834e,2026-01-18T16:30:00Z,Augsburg,SC Freiburg,coolbet,2.95,3.3,2.55,2026-01-18T03:43:05Z
6127455e36c2c5474eeb98ba9a14834e,2026-01-18T16:30:00Z,Augsburg,SC Freiburg,winamax_fr,2.75,3.25,2.45,2026-01-18T03:42:52Z
6127455e36c2c5474eeb98ba9a14834e,2026-01-18T16:30:00Z,Augsburg,SC Freiburg,onexbet,2.96,3.39,2.61,2026-01-18T03:43:44Z
6127455e36c2c5474eeb98ba9a14834e,2026-01-18T16:30:00Z,Augsburg,SC Freiburg,marathonbet,2.92,3.34,2.57,2026-01-18T03:43:05Z
6127455e36c2c5474eeb98ba9a14834e,2026-01-18T16:30:00Z,Augsburg,SC Freiburg,pmu_fr,2.75,3.15,2.45,2026-01-18T03:43:18Z
6127455e36c2c5474eeb98ba9a14834e,2026-01-18T16:30:00Z,Augsburg,SC Freiburg,ladbrokes_uk,2.75,3.4,2.45,2026-01-18T03:43:04Z
6127455e36c2c5474eeb98ba9a14834e,2026-01-18T16:30:00Z,Augsburg,SC Freiburg,boylesports,2.7,3.2,2.38,2026-01-18T03:43:33Z
6127455e36c2c5474eeb98ba9a14834e,2026-01-18T16:30:00Z,Augsburg,SC Freiburg,betsson,2.88,3.25,2.52,2026-01-18T03:43:07Z
6127455e36c2c5474eeb98ba9a14834e,2026-01-18T16:30:00Z,Augsburg,SC Freiburg,paddypower,2.8,3.25,2.5,2026-01-18T03:43:17Z
6127455e36c2c5474eeb98ba9a14834e,2026-01-18T16:30:00Z,Augsburg,SC Freiburg,skybet,2.8,3.3,2.5,2026-01-18T03:43:05Z
6127455e36c2c5474eeb98ba9a14834e,2026-01-18T16:30:00Z,Augsburg,SC Freiburg,suprabets,2.87,3.21,2.53,2026-01-18T03:41:03Z
6127455e36c2c5474eeb98ba9a14834e,2026-01-18T16:30:00Z,Augsburg,SC Freiburg,tipico_de,2.9,3.3,2.45,2026-01-18T03:43:04Z
6127455e36c2c5474eeb98ba9a14834e,2026-01-18T16:30:00Z,Augsburg,SC Freiburg,sport888,2.8,3.2,2.4,2026-01-18T03:43:31Z
6127455e36c2c5474eeb98ba9a14834e,2026-01-18T16:30:00Z,Augsburg,SC Freiburg,williamhill,2.8,3.2,2.4,2026-01-18T03:43:44Z
6127455e36c2c5474eeb98ba9a14834e,2026-01-18T16:30:00Z,Augsburg,SC Freiburg,betfair_ex_eu,3.0,3.4,2.64,2026-01-18T03:43:31Z
6127455e36c2c5474eeb98ba9a14834e,2026-01-18T16:30:00Z,Augsburg,SC Freiburg,betfair_ex_uk,3.0,3.4,2.64,2026-01-18T03:43:32Z
6127455e36c2c5474eeb98ba9a14834e,2026-01-18T16:30:00Z,Augsburg,SC Freiburg,leovegas,2.75,3.3,2.48,2026-01-18T03:42:51Z
6127455e36c2c5474eeb98ba9a14834e,2026-01-18T16:30:00Z,Augsburg,SC Freiburg,grosvenor,2.75,3.35,2.5,2026-01-18T03:43:05Z
6127455e36c2c5474eeb98ba9a14834e,2026-01-18T16:30:00Z,Augsburg,SC Freiburg,virginbet,2.7,3.25,2.43,2026-01-18T03:43:17Z
6127455e36c2c5474eeb98ba9a14834e,2026-01-18T16:30:00Z,Augsburg,SC Freiburg,livescorebet,2.65,3.25,2.4,2026-01-18T03:42:51Z
6127455e36c2c5474eeb98ba9a14834e,2026-01-18T16:30:00Z,Augsburg,SC Freiburg,casumo,2.75,3.35,2.5,2026-01-18T03:43:44Z
6127455e36c2c5474eeb98ba9a14834e,2026-01-18T16:30:00Z,Augsburg,SC Freiburg,unibet_se,2.8,3.4,2.55,2026-01-18T03:43:31Z
6127455e36c2c5474eeb98ba9a14834e,2026-01-18T16:30:00Z,Augsburg,SC Freiburg,leovegas_se,2.75,3.35,2.5,2026-01-18T03:43:46Z
6127455e36c2c5474eeb98ba9a14834e,2026-01-18T16:30:00Z,Augsburg,SC Freiburg,unibet_nl,2.85,3.45,2.55,2026-01-18T03:43:31Z
6127455e36c2c5474eeb98ba9a14834e,2026-01-18T16:30:00Z,Augsburg,SC Freiburg,pinnacle,2.94,3.29,2.58,2026-01-18T03:43:44Z
6127455e36c2c5474eeb98ba9a14834e,2026-01-18T16:30:00Z,Augsburg,SC Freiburg,gtbets,2.84,3.4,2.48,2026-01-18T03:43:32Z
6127455e36c2c5474eeb98ba9a14834e,2026-01-18T16:30:00Z,Augsburg,SC Freiburg,betonlineag,2.91,3.25,2.51,2026-01-18T03:42:51Z
6127455e36c2c5474eeb98ba9a14834e,2026-01-18T16:30:00Z,Augsburg,SC Freiburg,matchbook,3.0,3.4,2.64,2026-01-18T03:43:31Z
6127455e36c2c5474eeb98ba9a14834e,2026-01-18T16:30:00Z,Augsburg,SC Freiburg,everygame,2.85,3.2,2.55,2026-01-18T03:43:17Z
6127455e36c2c5474eeb98ba9a14834e,2026-01-18T16:30:00Z,Augsburg,SC Freiburg,unibet_fr,2.82,3.28,2.37,2026-01-18T03:43:04Z
6127455e36c2c5474eeb98ba9a14834e,2026-01-18T16:30:00Z,Augsburg,SC Freiburg,betvictor,2.7,3.2,2.4,2026-01-18T03:38:07Z
6127455e36c2c5474eeb98ba9a14834e,2026-01-18T16:30:00Z,Augsburg,SC Freiburg,betfair_sb_uk,2.75,2.88,2.38,2026-01-18T03:43:11Z
98b3998b0629d9035e5aa1afeef24137,2026-01-23T19:30:00Z,FC St. Pauli,Hamburger SV,pinnacle,2.41,3.32,3.01,2026-01-18T03:43:44Z
98b3998b0629d9035e5aa1afeef24137,2026-01-23T19:30:00Z,FC St. Pauli,Hamburger SV,betsson,2.42,3.35,2.98,2026-01-18T03:43:07Z
98b3998b0629d9035e5aa1afeef24137,2026-01-23T19:30:00Z,FC St. Pauli,Hamburger SV,nordicbet,2.42,3.35,2.98,2026-01-18T03:42:54Z
98b3998b0629d9035e5aa1afeef24137,2026-01-23T19:30:00Z,FC St. Pauli,Hamburger SV,boylesports,2.3,3.25,2.8,2026-01-18T03:43:33Z
98b3998b0629d9035e5aa1afeef24137,2026-01-23T19:30:00Z,FC St. Pauli,Hamburger SV,pmu_fr,2.2,2.95,2.85,2026-01-18T03:43:18Z
98b3998b0629d9035e5aa1afeef24137,2026-01-23T19:30:00Z,FC St. Pauli,Hamburger SV,coolbet,2.45,3.3,3.15,2026-01-18T03:43:05Z
98b3998b0629d9035e5aa1afeef24137,2026-01-23T19:30:00Z,FC St. Pauli,Hamburger SV,paddypower,2.3,3.1,3.0,2026-01-18T03:43:17Z
98b3998b0629d9035e5aa1afeef24137,2026-01-23T19:30:00Z,FC St. Pauli,Hamburger SV,betclic_fr,2.25,3.2,2.98,2026-01-18T03:41:43Z
98b3998b0629d9035e5aa1afeef24137,2026-01-23T19:30:00Z,FC St. Pauli,Hamburger SV,parionssport_fr,2.25,3.2,2.95,2026-01-18T03:43:44Z
98b3998b0629d9035e5aa1afeef24137,2026-01-23T19:30:00Z,FC St. Pauli,Hamburger SV,unibet_uk,2.38,3.2,3.0,2026-01-18T03:43:17Z
98b3998b0629d9035e5aa1afeef24137,2026-01-23T19:30:00Z,FC St. Pauli,Hamburger SV,smarkets,2.38,3.25,2.98,2026-01-18T03:43:45Z
98b3998b0629d9035e5aa1afeef24137,2026-01-23T19:30:00Z,FC St. Pauli,Hamburger SV,skybet,2.38,3.1,3.0,2026-01-18T03:43:05Z
98b3998b0629d9035e5aa1afeef24137,2026-01-23T19:30:00Z,FC St. Pauli,Hamburger SV,tipico_de,2.4,3.3,3.0,2026-01-18T03:43:04Z
98b3998b0629d9035e5aa1afeef24137,2026-01-23T19:30:00Z,FC St. Pauli,Hamburger SV,unibet_fr,2.24,3.18,2.95,2026-01-18T03:43:04Z
98b3998b0629d9035e5aa1afeef24137,2026-01-23T19:30:00Z,FC St. Pauli,Hamburger SV,suprabets,2.37,3.23,2.95,2026-01-18T03:41:03Z
98b3998b0629d9035e5aa1afeef24137,2026-01-23T19:30:00Z,FC St. Pauli,Hamburger SV,onexbet,2.47,3.44,3.13,2026-01-18T03:43:44Z
98b3998b0629d9035e5aa1afeef24137,2026-01-23T19:30:00Z,FC St. Pauli,Hamburger SV,betfair_ex_uk,2.42,3.15,3.05,2026-01-18T03:43:32Z
98b3998b0629d9035e5aa1afeef24137,2026-01-23T19:30:00Z,FC St. Pauli,Hamburger SV,betfair_ex_eu,2.42,3.15,3.05,2026-01-18T03:43:31Z
98b3998b0629d9035e5aa1afeef24137,2026-01-23T19:30:00Z,FC St. Pauli,Hamburger SV,winamax_de,2.35,3.25,2.95,2026-01-18T03:42:52Z
98b3998b0629d9035e5aa1afeef24137,2026-01-23T19:30:00Z,FC St. Pauli,Hamburger SV,winamax_fr,2.3,3.15,2.85,2026-01-18T03:42:52Z
98b3998b0629d9035e5aa1afeef24137,2026-01-23T19:30:00Z,FC St. Pauli,Hamburger SV,betway,2.3,3.2,3.0,2026-01-18T03:43:18Z
98b3998b0629d9035e5aa1afeef24137,2026-01-23T19:30:00Z,FC St. Pauli,Hamburger SV,sport888,2.3,3.25,2.9,2026-01-18T03:43:31Z
98b3998b0629d9035e5aa1afeef24137,2026-01-23T19:30:00Z,FC St. Pauli,Hamburger SV,williamhill,2.3,3.25,2.9,2026-01-18T03:43:44Z
98b3998b0629d9035e5aa1afeef24137,2026-01-23T19:30:00Z,FC St. Pauli,Hamburger SV,marathonbet,2.43,3.38,3.08,2026-01-18T03:43:05Z
98b3998b0629d9035e5aa1afeef24137,2026-01-23T19:30:00Z,FC St. Pauli,Hamburger SV,betonlineag,2.4,3.29,2.95,2026-01-18T03:42:51Z
98b3998b0629d9035e5aa1afeef24137,2026-01-23T19:30:00Z,FC St. Pauli,Hamburger SV,unibet_se,2.38,3.2,3.25,2026-01-18T03:43:31Z
98b3998b0629d9035e5aa1afeef24137,2026-01-23T19:30:00Z,FC St. Pauli,Hamburger SV,leovegas_se,2.33,3.1,3.2,2026-01-18T03:43:46Z
98b3998b0629d9035e5aa1afeef24137,2026-01-23T19:30:00Z,FC St. Pauli,Hamburger SV,leovegas,2.32,3.1,3.15,2026-01-18T03:42:51Z
98b3998b0629d9035e5aa1afeef24137,2026-01-23T19:30:00Z,FC St. Pauli,Hamburger SV,casumo,2.33,3.1,3.2,2026-01-18T03:43:44Z
98b3998b0629d9035e5aa1afeef24137,2026-01-23T19:30:00Z,FC St. Pauli,Hamburger SV,virginbet,2.28,3.05,3.1,2026-01-18T03:43:17Z
98b3998b0629d9035e5aa1afeef24137,2026-01-23T19:30:00Z,FC St. Pauli,Hamburger SV,unibet_nl,2.4,3.2,3.3,2026-01-18T03:43:31Z
98b3998b0629d9035e5aa1afeef24137,2026-01-23T19:30:00Z,FC St. Pauli,Hamburger SV,livescorebet,2.25,3.0,3.1,2026-01-18T03:42:51Z
98b3998b0629d9035e5aa1afeef24137,2026-01-23T19:30:00Z,FC St. Pauli,Hamburger SV,grosvenor,2.33,3.1,3.2,2026-01-18T03:43:05Z
98b3998b0629d9035e5aa1afeef24137,2026-01-23T19:30:00Z,FC St. Pauli,Hamburger SV,betvictor,2.3,3.12,2.9,2026-01-18T03:38:07Z
98b3998b0629d9035e5aa1afeef24137,2026-01-23T19:30:00Z,FC St. Pauli,Hamburger SV,betfair_sb_uk,2.25,2.8,2.8,2026-01-18T03:43:11Z
98b3998b0629d9035e5aa1afeef24137,2026-01-23T19:30:00Z,FC St. Pauli,Hamburger SV,gtbets,2.41,3.29,3.03,2026-01-18T03:43:32Z
98b3998b0629d9035e5aa1afeef24137,2026-01-23T19:30:00Z,FC St. Pauli,Hamburger SV,matchbook,2.42,3.2,3.05,2026-01-18T03:43:31Z
a9424bfa2336811753a079d3a9e33285,2026-01-24T14:30:00Z,1. FC Heidenheim,RB Leipzig,coolbet,5.0,4.3,1.68,2026-01-18T03:43:05Z
a9424bfa2336811753a079d3a9e33285,2026-01-24T14:30:00Z,1. FC Heidenheim,RB Leipzig,nordicbet,4.7,4.25,1.68,2026-01-18T03:42:54Z
a9424bfa2336811753a079d3a9e33285,2026-01-24T14:30:00Z,1. FC Heidenheim,RB Leipzig,betsson,4.7,4.25,1.68,2026-01-18T03:43:07Z
a9424bfa2336811753a079d3a9e33285,2026-01-24T14:30:00Z,1. FC Heidenheim,RB Leipzig,pinnacle,4.65,4.17,1.67,2026-01-18T03:43:44Z
a9424bfa2336811753a079d3a9e33285,2026-01-24T14:30:00Z,1. FC Heidenheim,RB Leipzig,paddypower,4.5,3.8,1.65,2026-01-18T03:43:17Z
a9424bfa2336811753a079d3a9e33285,2026-01-24T14:30:00Z,1. FC Heidenheim,RB Leipzig,unibet_uk,4.5,4.0,1.67,2026-01-18T03:43:17Z
a9424bfa2336811753a079d3a9e33285,2026-01-24T14:30:00Z,1. FC Heidenheim,RB Leipzig,boylesports,4.0,3.8,1.62,2026-01-18T03:43:33Z
a9424bfa2336811753a079d3a9e33285,2026-01-24T14:30:00Z,1. FC Heidenheim,RB Leipzig,parionssport_fr,4.1,3.95,1.66,2026-01-18T03:43:44Z
a9424bfa2336811753a079d3a9e33285,2026-01-24T14:30:00Z,1. FC Heidenheim,RB Leipzig,betclic_fr,4.5,4.05,1.61,2026-01-18T03:41:43Z
a9424bfa2336811753a079d3a9e33285,2026-01-24T14:30:00Z,1. FC Heidenheim,RB Leipzig,skybet,4.5,3.9,1.67,2026-01-18T03:43:05Z
a9424bfa2336811753a079d3a9e33285,2026-01-24T14:30:00Z,1. FC Heidenheim,RB Leipzig,smarkets,4.8,4.3,1.64,2026-01-18T03:43:45Z
a9424bfa2336811753a079d3a9e33285,2026-01-24T14:30:00Z,1. FC Heidenheim,RB Leipzig,pmu_fr,4.3,3.7,1.58,2026-01-18T03:43:18Z
a9424bfa2336811753a079d3a9e33285,2026-01-24T14:30:00Z,1. FC Heidenheim,RB Leipzig,codere_it,4.6,4.1,1.69,2026-01-18T03:43:05Z
a9424bfa2336811753a079d3a9e33285,2026-01-24T14:30:00Z,1. FC Heidenheim,RB Leipzig,unibet_fr,4.25,3.82,1.58,2026-01-18T03:43:04Z
a9424bfa2336811753a079d3a9e33285,2026-01-24T14:30:00Z,1. FC Heidenheim,RB Leipzig,tipico_de,4.9,4.3,1.62,2026-01-18T03:43:04Z
a9424bfa2336811753a079d3a9e33285,2026-01-24T14:30:00Z,1. FC Heidenheim,RB Leipzig,suprabets,4.6,4.1,1.65,2026-01-18T03:41:03Z
a9424bfa2336811753a079d3a9e33285,2026-01-24T14:30:00Z,1. FC Heidenheim,RB Leipzig,onexbet,4.92,4.37,1.72,2026-01-18T03:43:44Z
a9424bfa2336811753a079d3a9e33285,2026-01-24T14:30:00Z,1. FC Heidenheim,RB Leipzig,betfair_ex_uk,4.9,4.4,1.65,2026-01-18T03:43:32Z
a9424bfa2336811753a079d3a9e33285,2026-01-24T14:30:00Z,1. FC Heidenheim,RB Leipzig,betfair_ex_eu,4.9,4.4,1.65,2026-01-18T03:43:31Z
a9424bfa2336811753a079d3a9e33285,2026-01-24T14:30:00Z,1. FC Heidenheim,RB Leipzig,winamax_de,4.5,4.1,1.64,2026-01-18T03:42:52Z
a9424bfa2336811753a079d3a9e33285,2026-01-24T14:30:00Z,1. FC Heidenheim,RB Leipzig,winamax_fr,4.3,3.95,1.62,2026-01-18T03:42:52Z
a9424bfa2336811753a079d3a9e33285,2026-01-24T14:30:00Z,1. FC Heidenheim,RB Leipzig,betway,4.33,4.0,1.67,2026-01-18T03:43:18Z
a9424bfa2336811753a079d3a9e33285,2026-01-24T14:30:00Z,1. FC Heidenheim,RB Leipzig,sport888,4.5,3.9,1.65,2026-01-18T03:43:31Z
a9424bfa2336811753a079d3a9e33285,2026-01-24T14:30:00Z,1. FC Heidenheim,RB Leipzig,williamhill,4.5,3.9,1.65,2026-01-18T03:43:44Z
a9424bfa2336811753a079d3a9e33285,2026-01-24T14:30:00Z,1. FC Heidenheim,RB Leipzig,marathonbet,4.85,4.3,1.69,2026-01-18T03:43:05Z
a9424bfa2336811753a079d3a9e33285,2026-01-24T14:30:00Z,1. FC Heidenheim,RB Leipzig,betonlineag,4.56,4.1,1.68,2026-01-18T03:42:51Z
a9424bfa2336811753a079d3a9e33285,2026-01-24T14:30:00Z,1. FC Heidenheim,RB Leipzig,leovegas_se,4.8,4.1,1.66,2026-01-18T03:43:46Z
a9424bfa2336811753a079d3a9e33285,2026-01-24T14:30:00Z,1. FC Heidenheim,RB Leipzig,leovegas,4.75,4.1,1.64,2026-01-18T03:42:51Z
a9424bfa2336811753a079d3a9e33285,2026-01-24T14:30:00Z,1. FC Heidenheim,RB Leipzig,unibet_se,4.9,4.2,1.7,2026-01-18T03:43:31Z
a9424bfa2336811753a079d3a9e33285,2026-01-24T14:30:00Z,1. FC Heidenheim,RB Leipzig,casumo,4.8,4.1,1.66,2026-01-18T03:43:44Z
a9424bfa2336811753a079d3a9e33285,2026-01-24T14:30:00Z,1. FC Heidenheim,RB Leipzig,unibet_nl,4.9,4.25,1.71,2026-01-18T03:43:31Z
a9424bfa2336811753a079d3a9e33285,2026-01-24T14:30:00Z,1. FC Heidenheim,RB Leipzig,virginbet,4.7,4.0,1.63,2026-01-18T03:43:17Z
a9424bfa2336811753a079d3a9e33285,2026-01-24T14:30:00Z,1. FC Heidenheim,RB Leipzig,livescorebet,4.6,4.0,1.61,2026-01-18T03:42:51Z
a9424bfa2336811753a079d3a9e33285,2026-01-24T14:30:00Z,1. FC Heidenheim,RB Leipzig,grosvenor,4.8,4.1,1.66,2026-01-18T03:43:05Z
a9424bfa2336811753a079d3a9e33285,2026-01-24T14:30:00Z,1. FC Heidenheim,RB Leipzig,betvictor,4.5,3.9,1.61,2026-01-18T03:38:07Z
a9424bfa2336811753a079d3a9e33285,2026-01-24T14:30:00Z,1. FC Heidenheim,RB Leipzig,matchbook,4.2,3.8,1.52,2026-01-18T03:43:31Z
a9424bfa2336811753a079d3a9e33285,2026-01-24T14:30:00Z,1. FC Heidenheim,RB Leipzig,betfair_sb_uk,4.2,3.4,1.57,2026-01-18T03:36:21Z
a9424bfa2336811753a079d3a9e33285,2026-01-24T14:30:00Z,1. FC Heidenheim,RB Leipzig,gtbets,4.69,4.11,1.68,2026-01-18T03:43:32Z
e9cb63d676a2f241d54090c4bcd0ccca,2026-01-24T14:30:00Z,Bayern Munich,Augsburg,pinnacle,1.08,13.29,18.92,2026-01-18T03:43:44Z
e9cb63d676a2f241d54090c4bcd0ccca,2026-01-24T14:30:00Z,Bayern Munich,Augsburg,boylesports,1.09,10.0,19.0,2026-01-18T03:43:33Z
e9cb63d676a2f241d54090c4bcd0ccca,2026-01-24T14:30:00Z,Bayern Munich,Augsburg,pmu_fr,1.05,9.0,20.0,2026-01-18T03:43:18Z
e9cb63d676a2f241d54090c4bcd0ccca,2026-01-24T14:30:00Z,Bayern Munich,Augsburg,coolbet,1.11,11.0,25.0,2026-01-18T03:43:05Z
e9cb63d676a2f241d54090c4bcd0ccca,2026-01-24T14:30:00Z,Bayern Munich,Augsburg,paddypower,1.07,10.0,20.0,2026-01-18T03:43:17Z
e9cb63d676a2f241d54090c4bcd0ccca,2026-01-24T14:30:00Z,Bayern Munich,Augsburg,betclic_fr,1.07,9.5,19.25,2026-01-18T03:41:43Z
e9cb63d676a2f241d54090c4bcd0ccca,2026-01-24T14:30:00Z,Bayern Munich,Augsburg,parionssport_fr,1.07,9.0,18.0,2026-01-18T03:43:44Z
e9cb63d676a2f241d54090c4bcd0ccca,2026-01-24T14:30:00Z,Bayern Munich,Augsburg,skybet,1.08,9.5,19.0,2026-01-18T03:43:05Z
e9cb63d676a2f241d54090c4bcd0ccca,2026-01-24T14:30:00Z,Bayern Munich,Augsburg,smarkets,1.1,12.5,22.99,2026-01-18T03:43:45Z
e9cb63d676a2f241d54090c4bcd0ccca,2026-01-24T14:30:00Z,Bayern Munich,Augsburg,unibet_uk,1.1,9.5,21.0,2026-01-18T03:43:17Z
e9cb63d676a2f241d54090c4bcd0ccca,2026-01-24T14:30:00Z,Bayern Munich,Augsburg,marathonbet,1.09,13.0,24.0,2026-01-18T03:43:05Z
e9cb63d676a2f241d54090c4bcd0ccca,2026-01-24T14:30:00Z,Bayern Munich,Augsburg,tipico_de,1.06,15.0,22.0,2026-01-18T03:43:04Z
e9cb63d676a2f241d54090c4bcd0ccca,2026-01-24T14:30:00Z,Bayern Munich,Augsburg,betway,1.09,9.0,19.0,2026-01-18T03:43:18Z
e9cb63d676a2f241d54090c4bcd0ccca,2026-01-24T14:30:00Z,Bayern Munich,Augsburg,unibet_fr,1.06,7.9,15.8,2026-01-18T03:43:04Z
e9cb63d676a2f241d54090c4bcd0ccca,2026-01-24T14:30:00Z,Bayern Munich,Augsburg,suprabets,1.08,12.0,19.0,2026-01-18T03:41:03Z
e9cb63d676a2f241d54090c4bcd0ccca,2026-01-24T14:30:00Z,Bayern Munich,Augsburg,onexbet,1.1,14.0,25.0,2026-01-18T03:43:44Z
e9cb63d676a2f241d54090c4bcd0ccca,2026-01-24T14:30:00Z,Bayern Munich,Augsburg,betfair_ex_uk,1.11,13.0,24.0,2026-01-18T03:43:32Z
e9cb63d676a2f241d54090c4bcd0ccca,2026-01-24T14:30:00Z,Bayern Munich,Augsburg,betfair_ex_eu,1.11,13.0,24.0,2026-01-18T03:43:31Z
e9cb63d676a2f241d54090c4bcd0ccca,2026-01-24T14:30:00Z,Bayern Munich,Augsburg,winamax_de,1.08,10.0,20.0,2026-01-18T03:42:52Z
e9cb63d676a2f241d54090c4bcd0ccca,2026-01-24T14:30:00Z,Bayern Munich,Augsburg,winamax_fr,1.06,9.0,18.0,2026-01-18T03:42:52Z
e9cb63d676a2f241d54090c4bcd0ccca,2026-01-24T14:30:00Z,Bayern Munich,Augsburg,sport888,1.08,11.0,19.0,2026-01-18T03:43:31Z
e9cb63d676a2f241d54090c4bcd0ccca,2026-01-24T14:30:00Z,Bayern Munich,Augsburg,williamhill,1.08,11.0,19.0,2026-01-18T03:43:44Z
e9cb63d676a2f241d54090c4bcd0ccca,2026-01-24T14:30:00Z,Bayern Munich,Augsburg,betonlineag,1.08,13.5,20.0,2026-01-18T03:42:51Z
e9cb63d676a2f241d54090c4bcd0ccca,2026-01-24T14:30:00Z,Bayern Munich,Augsburg,betsson,1.07,12.5,28.0,2026-01-18T03:43:07Z
e9cb63d676a2f241d54090c4bcd0ccca,2026-01-24T14:30:00Z,Bayern Munich,Augsburg,nordicbet,1.07,12.5,28.0,2026-01-18T03:42:54Z
e9cb63d676a2f241d54090c4bcd0ccca,2026-01-24T14:30:00Z,Bayern Munich,Augsburg,leovegas_se,1.07,11.5,25.0,2026-01-18T03:43:46Z
e9cb63d676a2f241d54090c4bcd0ccca,2026-01-24T14:30:00Z,Bayern Munich,Augsburg,leovegas,1.06,11.0,23.0,2026-01-18T03:42:51Z
e9cb63d676a2f241d54090c4bcd0ccca,2026-01-24T14:30:00Z,Bayern Munich,Augsburg,unibet_se,1.09,11.5,25.0,2026-01-18T03:43:31Z
e9cb63d676a2f241d54090c4bcd0ccca,2026-01-24T14:30:00Z,Bayern Munich,Augsburg,unibet_nl,1.1,12.0,26.0,2026-01-18T03:43:31Z
e9cb63d676a2f241d54090c4bcd0ccca,2026-01-24T14:30:00Z,Bayern Munich,Augsburg,virginbet,1.05,11.0,23.0,2026-01-18T03:43:17Z
e9cb63d676a2f241d54090c4bcd0ccca,2026-01-24T14:30:00Z,Bayern Munich,Augsburg,casumo,1.07,11.5,25.0,2026-01-18T03:43:44Z
e9cb63d676a2f241d54090c4bcd0ccca,2026-01-24T14:30:00Z,Bayern Munich,Augsburg,livescorebet,1.04,10.5,23.0,2026-01-18T03:42:51Z
e9cb63d676a2f241d54090c4bcd0ccca,2026-01-24T14:30:00Z,Bayern Munich,Augsburg,grosvenor,1.07,11.5,25.0,2026-01-18T03:43:05Z
e9cb63d676a2f241d54090c4bcd0ccca,2026-01-24T14:30:00Z,Bayern Munich,Augsburg,betvictor,1.06,9.5,19.0,2026-01-18T03:38:07Z
e9cb63d676a2f241d54090c4bcd0ccca,2026-01-24T14:30:00Z,Bayern Munich,Augsburg,matchbook,1.11,11.5,18.0,2026-01-18T03:43:31Z
e9cb63d676a2f241d54090c4bcd0ccca,2026-01-24T14:30:00Z,Bayern Munich,Augsburg,betfair_sb_uk,1.07,8.0,18.0,2026-01-18T03:36:21Z
e9cb63d676a2f241d54090c4bcd0ccca,2026-01-24T14:30:00Z,Bayern Munich,Augsburg,gtbets,1.11,11.2,22.44,2026-01-18T03:43:32Z
928f22cfb0e4e19d7b26f7fad7e30841,2026-01-24T14:30:00Z,Bayer Leverkusen,Werder Bremen,nordicbet,1.55,4.7,5.4,2026-01-18T03:42:54Z
928f22cfb0e4e19d7b26f7fad7e30841,2026-01-24T14:30:00Z,Bayer Leverkusen,Werder Bremen,coolbet,1.58,4.75,5.5,2026-01-18T03:43:05Z
928f22cfb0e4e19d7b26f7fad7e30841,2026-01-24T14:30:00Z,Bayer Leverkusen,Werder Bremen,boylesports,1.5,4.33,4.75,2026-01-18T03:43:33Z
928f22cfb0e4e19d7b26f7fad7e30841,2026-01-24T14:30:00Z,Bayer Leverkusen,Werder Bremen,pinnacle,1.55,4.55,5.23,2026-01-18T03:43:44Z
928f22cfb0e4e19d7b26f7fad7e30841,2026-01-24T14:30:00Z,Bayer Leverkusen,Werder Bremen,betsson,1.55,4.7,5.4,2026-01-18T03:43:07Z
928f22cfb0e4e19d7b26f7fad7e30841,2026-01-24T14:30:00Z,Bayer Leverkusen,Werder Bremen,pmu_fr,1.44,4.1,5.0,2026-01-18T03:43:18Z
928f22cfb0e4e19d7b26f7fad7e30841,2026-01-24T14:30:00Z,Bayer Leverkusen,Werder Bremen,paddypower,1.5,4.33,5.0,2026-01-18T03:43:17Z
928f22cfb0e4e19d7b26f7fad7e30841,2026-01-24T14:30:00Z,Bayer Leverkusen,Werder Bremen,skybet,1.53,4.33,5.25,2026-01-18T03:43:05Z
928f22cfb0e4e19d7b26f7fad7e30841,2026-01-24T14:30:00Z,Bayer Leverkusen,Werder Bremen,unibet_uk,1.54,4.4,5.25,2026-01-18T03:43:17Z
928f22cfb0e4e19d7b26f7fad7e30841,2026-01-24T14:30:00Z,Bayer Leverkusen,Werder Bremen,betclic_fr,1.49,4.45,5.1,2026-01-18T03:41:43Z
928f22cfb0e4e19d7b26f7fad7e30841,2026-01-24T14:30:00Z,Bayer Leverkusen,Werder Bremen,parionssport_fr,1.48,4.35,5.1,2026-01-18T03:43:44Z
928f22cfb0e4e19d7b26f7fad7e30841,2026-01-24T14:30:00Z,Bayer Leverkusen,Werder Bremen,smarkets,1.55,4.4,5.2,2026-01-18T03:43:45Z
928f22cfb0e4e19d7b26f7fad7e30841,2026-01-24T14:30:00Z,Bayer Leverkusen,Werder Bremen,marathonbet,1.57,4.65,5.55,2026-01-18T03:43:05Z
928f22cfb0e4e19d7b26f7fad7e30841,2026-01-24T14:30:00Z,Bayer Leverkusen,Werder Bremen,tipico_de,1.52,4.6,5.5,2026-01-18T03:43:04Z
928f22cfb0e4e19d7b26f7fad7e30841,2026-01-24T14:30:00Z,Bayer Leverkusen,Werder Bremen,unibet_fr,1.46,4.15,4.85,2026-01-18T03:43:04Z
928f22cfb0e4e19d7b26f7fad7e30841,2026-01-24T14:30:00Z,Bayer Leverkusen,Werder Bremen,suprabets,1.54,4.4,5.2,2026-01-18T03:41:03Z
928f22cfb0e4e19d7b26f7fad7e30841,2026-01-24T14:30:00Z,Bayer Leverkusen,Werder Bremen,betway,1.53,4.33,5.0,2026-01-18T03:43:18Z
928f22cfb0e4e19d7b26f7fad7e30841,2026-01-24T14:30:00Z,Bayer Leverkusen,Werder Bremen,onexbet,1.6,4.72,5.64,2026-01-18T03:43:44Z
928f22cfb0e4e19d7b26f7fad7e30841,2026-01-24T14:30:00Z,Bayer Leverkusen,Werder Bremen,betfair_ex_uk,1.56,4.5,5.3,2026-01-18T03:43:32Z
928f22cfb0e4e19d7b26f7fad7e30841,2026-01-24T14:30:00Z,Bayer Leverkusen,Werder Bremen,betfair_ex_eu,1.56,4.5,5.3,2026-01-18T03:43:31Z
928f22cfb0e4e19d7b26f7fad7e30841,2026-01-24T14:30:00Z,Bayer Leverkusen,Werder Bremen,winamax_de,1.52,4.5,5.1,2026-01-18T03:42:52Z
928f22cfb0e4e19d7b26f7fad7e30841,2026-01-24T14:30:00Z,Bayer Leverkusen,Werder Bremen,winamax_fr,1.5,4.3,4.9,2026-01-18T03:42:52Z
928f22cfb0e4e19d7b26f7fad7e30841,2026-01-24T14:30:00Z,Bayer Leverkusen,Werder Bremen,sport888,1.53,4.2,5.0,2026-01-18T03:43:31Z
928f22cfb0e4e19d7b26f7fad7e30841,2026-01-24T14:30:00Z,Bayer Leverkusen,Werder Bremen,williamhill,1.55,4.2,5.0,2026-01-18T03:43:44Z
928f22cfb0e4e19d7b26f7fad7e30841,2026-01-24T14:30:00Z,Bayer Leverkusen,Werder Bremen,betonlineag,1.54,4.53,5.25,2026-01-18T03:42:51Z
928f22cfb0e4e19d7b26f7fad7e30841,2026-01-24T14:30:00Z,Bayer Leverkusen,Werder Bremen,unibet_se,1.55,4.5,5.6,2026-01-18T03:43:31Z
928f22cfb0e4e19d7b26f7fad7e30841,2026-01-24T14:30:00Z,Bayer Leverkusen,Werder Bremen,leovegas_se,1.51,4.4,5.5,2026-01-18T03:43:46Z
928f22cfb0e4e19d7b26f7fad7e30841,2026-01-24T14:30:00Z,Bayer Leverkusen,Werder Bremen,leovegas,1.5,4.4,5.5,2026-01-18T03:42:51Z
928f22cfb0e4e19d7b26f7fad7e30841,2026-01-24T14:30:00Z,Bayer Leverkusen,Werder Bremen,virginbet,1.49,4.35,5.4,2026-01-18T03:43:17Z
928f22cfb0e4e19d7b26f7fad7e30841,2026-01-24T14:30:00Z,Bayer Leverkusen,Werder Bremen,casumo,1.51,4.4,5.5,2026-01-18T03:43:44Z
928f22cfb0e4e19d7b26f7fad7e30841,2026-01-24T14:30:00Z,Bayer Leverkusen,Werder Bremen,unibet_nl,1.56,4.6,5.75,2026-01-18T03:43:31Z
928f22cfb0e4e19d7b26f7fad7e30841,2026-01-24T14:30:00Z,Bayer Leverkusen,Werder Bremen,livescorebet,1.47,4.3,5.4,2026-01-18T03:42:51Z
928f22cfb0e4e19d7b26f7fad7e30841,2026-01-24T14:30:00Z,Bayer Leverkusen,Werder Bremen,grosvenor,1.51,4.4,5.5,2026-01-18T03:43:05Z
928f22cfb0e4e19d7b26f7fad7e30841,2026-01-24T14:30:00Z,Bayer Leverkusen,Werder Bremen,betvictor,1.5,4.33,5.0,2026-01-18T03:38:07Z
928f22cfb0e4e19d7b26f7fad7e30841,2026-01-24T14:30:00Z,Bayer Leverkusen,Werder Bremen,betfair_sb_uk,1.44,3.6,4.5,2026-01-18T03:36:21Z
928f22cfb0e4e19d7b26f7fad7e30841,2026-01-24T14:30:00Z,Bayer Leverkusen,Werder Bremen,gtbets,1.55,4.43,5.53,2026-01-18T03:43:32Z
3aa63ac9164cb0d7fcaa13522620d9b1,2026-01-24T14:30:00Z,Eintracht Frankfurt,TSG Hoffenheim,coolbet,2.55,3.75,2.7,2026-01-18T03:43:05Z
3aa63ac9164cb0d7fcaa13522620d9b1,2026-01-24T14:30:00Z,Eintracht Frankfurt,TSG Hoffenheim,nordicbet,2.58,3.7,2.52,2026-01-18T03:42:54Z
3aa63ac9164cb0d7fcaa13522620d9b1,2026-01-24T14:30:00Z,Eintracht Frankfurt,TSG Hoffenheim,betsson,2.58,3.7,2.52,2026-01-18T03:43:07Z
3aa63ac9164cb0d7fcaa13522620d9b1,2026-01-24T14:30:00Z,Eintracht Frankfurt,TSG Hoffenheim,pmu_fr,2.3,3.4,2.45,2026-01-18T03:43:18Z
3aa63ac9164cb0d7fcaa13522620d9b1,2026-01-24T14:30:00Z,Eintracht Frankfurt,TSG Hoffenheim,boylesports,2.3,3.75,2.38,2026-01-18T03:43:33Z
3aa63ac9164cb0d7fcaa13522620d9b1,2026-01-24T14:30:00Z,Eintracht Frankfurt,TSG Hoffenheim,pinnacle,2.56,3.78,2.54,2026-01-18T03:43:44Z
3aa63ac9164cb0d7fcaa13522620d9b1,2026-01-24T14:30:00Z,Eintracht Frankfurt,TSG Hoffenheim,paddypower,2.4,3.6,2.6,2026-01-18T03:43:17Z
3aa63ac9164cb0d7fcaa13522620d9b1,2026-01-24T14:30:00Z,Eintracht Frankfurt,TSG Hoffenheim,betclic_fr,2.33,3.7,2.55,2026-01-18T03:41:43Z
3aa63ac9164cb0d7fcaa13522620d9b1,2026-01-24T14:30:00Z,Eintracht Frankfurt,TSG Hoffenheim,unibet_uk,2.45,3.75,2.55,2026-01-18T03:43:17Z
3aa63ac9164cb0d7fcaa13522620d9b1,2026-01-24T14:30:00Z,Eintracht Frankfurt,TSG Hoffenheim,parionssport_fr,2.3,3.65,2.55,2026-01-18T03:43:44Z
3aa63ac9164cb0d7fcaa13522620d9b1,2026-01-24T14:30:00Z,Eintracht Frankfurt,TSG Hoffenheim,skybet,2.45,3.6,2.63,2026-01-18T03:43:05Z
3aa63ac9164cb0d7fcaa13522620d9b1,2026-01-24T14:30:00Z,Eintracht Frankfurt,TSG Hoffenheim,smarkets,2.56,3.8,2.48,2026-01-18T03:43:45Z
3aa63ac9164cb0d7fcaa13522620d9b1,2026-01-24T14:30:00Z,Eintracht Frankfurt,TSG Hoffenheim,marathonbet,2.59,3.82,2.6,2026-01-18T03:43:05Z
3aa63ac9164cb0d7fcaa13522620d9b1,2026-01-24T14:30:00Z,Eintracht Frankfurt,TSG Hoffenheim,unibet_fr,2.28,3.52,2.45,2026-01-18T03:43:04Z
3aa63ac9164cb0d7fcaa13522620d9b1,2026-01-24T14:30:00Z,Eintracht Frankfurt,TSG Hoffenheim,tipico_de,2.5,3.7,2.6,2026-01-18T03:43:04Z
3aa63ac9164cb0d7fcaa13522620d9b1,2026-01-24T14:30:00Z,Eintracht Frankfurt,TSG Hoffenheim,suprabets,2.5,3.69,2.51,2026-01-18T03:41:03Z
3aa63ac9164cb0d7fcaa13522620d9b1,2026-01-24T14:30:00Z,Eintracht Frankfurt,TSG Hoffenheim,betway,2.5,3.6,2.5,2026-01-18T03:43:18Z
3aa63ac9164cb0d7fcaa13522620d9b1,2026-01-24T14:30:00Z,Eintracht Frankfurt,TSG Hoffenheim,onexbet,2.63,3.88,2.64,2026-01-18T03:43:44Z
3aa63ac9164cb0d7fcaa13522620d9b1,2026-01-24T14:30:00Z,Eintracht Frankfurt,TSG Hoffenheim,betfair_ex_uk,2.58,3.85,2.52,2026-01-18T03:43:32Z
3aa63ac9164cb0d7fcaa13522620d9b1,2026-01-24T14:30:00Z,Eintracht Frankfurt,TSG Hoffenheim,betfair_ex_eu,2.58,3.85,2.52,2026-01-18T03:43:31Z
3aa63ac9164cb0d7fcaa13522620d9b1,2026-01-24T14:30:00Z,Eintracht Frankfurt,TSG Hoffenheim,winamax_de,2.45,3.75,2.5,2026-01-18T03:42:52Z
3aa63ac9164cb0d7fcaa13522620d9b1,2026-01-24T14:30:00Z,Eintracht Frankfurt,TSG Hoffenheim,winamax_fr,2.35,3.65,2.45,2026-01-18T03:42:52Z
3aa63ac9164cb0d7fcaa13522620d9b1,2026-01-24T14:30:00Z,Eintracht Frankfurt,TSG Hoffenheim,sport888,2.45,3.5,2.5,2026-01-18T03:43:31Z
3aa63ac9164cb0d7fcaa13522620d9b1,2026-01-24T14:30:00Z,Eintracht Frankfurt,TSG Hoffenheim,williamhill,2.45,3.5,2.5,2026-01-18T03:43:44Z
3aa63ac9164cb0d7fcaa13522620d9b1,2026-01-24T14:30:00Z,Eintracht Frankfurt,TSG Hoffenheim,betonlineag,2.4,3.76,2.65,2026-01-18T03:42:51Z
3aa63ac9164cb0d7fcaa13522620d9b1,2026-01-24T14:30:00Z,Eintracht Frankfurt,TSG Hoffenheim,leovegas,2.35,3.65,2.65,2026-01-18T03:42:51Z
3aa63ac9164cb0d7fcaa13522620d9b1,2026-01-24T14:30:00Z,Eintracht Frankfurt,TSG Hoffenheim,unibet_se,2.43,3.75,2.75,2026-01-18T03:43:31Z
3aa63ac9164cb0d7fcaa13522620d9b1,2026-01-24T14:30:00Z,Eintracht Frankfurt,TSG Hoffenheim,leovegas_se,2.38,3.7,2.7,2026-01-18T03:43:46Z
3aa63ac9164cb0d7fcaa13522620d9b1,2026-01-24T14:30:00Z,Eintracht Frankfurt,TSG Hoffenheim,virginbet,2.32,3.6,2.63,2026-01-18T03:43:17Z
3aa63ac9164cb0d7fcaa13522620d9b1,2026-01-24T14:30:00Z,Eintracht Frankfurt,TSG Hoffenheim,casumo,2.38,3.7,2.7,2026-01-18T03:43:44Z
3aa63ac9164cb0d7fcaa13522620d9b1,2026-01-24T14:30:00Z,Eintracht Frankfurt,TSG Hoffenheim,unibet_nl,2.45,3.8,2.75,2026-01-18T03:43:31Z
3aa63ac9164cb0d7fcaa13522620d9b1,2026-01-24T14:30:00Z,Eintracht Frankfurt,TSG Hoffenheim,livescorebet,2.3,3.55,2.6,2026-01-18T03:42:51Z
3aa63ac9164cb0d7fcaa13522620d9b1,2026-01-24T14:30:00Z,Eintracht Frankfurt,TSG Hoffenheim,grosvenor,2.38,3.7,2.7,2026-01-18T03:43:05Z
3aa63ac9164cb0d7fcaa13522620d9b1,2026-01-24T14:30:00Z,Eintracht Frankfurt,TSG Hoffenheim,betvictor,2.4,3.6,2.45,2026-01-18T03:38:07Z
3aa63ac9164cb0d7fcaa13522620d9b1,2026-01-24T14:30:00Z,Eintracht Frankfurt,TSG Hoffenheim,betfair_sb_uk,2.25,3.1,2.4,2026-01-18T03:43:11Z
3aa63ac9164cb0d7fcaa13522620d9b1,2026-01-24T14:30:00Z,Eintracht Frankfurt,TSG Hoffenheim,matchbook,2.36,3.5,2.38,2026-01-18T03:43:31Z
3aa63ac9164cb0d7fcaa13522620d9b1,2026-01-24T14:30:00Z,Eintracht Frankfurt,TSG Hoffenheim,gtbets,2.5,3.79,2.59,2026-01-18T03:43:32Z
cd358949d5708d2b0909fa3d5d18cbba,2026-01-24T14:30:00Z,FSV Mainz 05,VfL Wolfsburg,pinnacle,2.34,3.49,2.98,2026-01-18T03:43:44Z
cd358949d5708d2b0909fa3d5d18cbba,2026-01-24T14:30:00Z,FSV Mainz 05,VfL Wolfsburg,betsson,2.38,3.45,2.92,2026-01-18T03:43:07Z
cd358949d5708d2b0909fa3d5d18cbba,2026-01-24T14:30:00Z,FSV Mainz 05,VfL Wolfsburg,nordicbet,2.38,3.45,2.92,2026-01-18T03:42:54Z
cd358949d5708d2b0909fa3d5d18cbba,2026-01-24T14:30:00Z,FSV Mainz 05,VfL Wolfsburg,boylesports,2.15,3.3,2.8,2026-01-18T03:43:33Z
cd358949d5708d2b0909fa3d5d18cbba,2026-01-24T14:30:00Z,FSV Mainz 05,VfL Wolfsburg,coolbet,2.4,3.55,3.0,2026-01-18T03:43:05Z
cd358949d5708d2b0909fa3d5d18cbba,2026-01-24T14:30:00Z,FSV Mainz 05,VfL Wolfsburg,parionssport_fr,2.2,3.4,2.9,2026-01-18T03:43:44Z
cd358949d5708d2b0909fa3d5d18cbba,2026-01-24T14:30:00Z,FSV Mainz 05,VfL Wolfsburg,smarkets,2.32,3.4,2.96,2026-01-18T03:43:45Z
cd358949d5708d2b0909fa3d5d18cbba,2026-01-24T14:30:00Z,FSV Mainz 05,VfL Wolfsburg,pmu_fr,2.15,3.25,2.7,2026-01-18T03:43:18Z
cd358949d5708d2b0909fa3d5d18cbba,2026-01-24T14:30:00Z,FSV Mainz 05,VfL Wolfsburg,marathonbet,2.38,3.54,3.04,2026-01-18T03:43:05Z
cd358949d5708d2b0909fa3d5d18cbba,2026-01-24T14:30:00Z,FSV Mainz 05,VfL Wolfsburg,betclic_fr,2.2,3.43,2.92,2026-01-18T03:41:43Z
cd358949d5708d2b0909fa3d5d18cbba,2026-01-24T14:30:00Z,FSV Mainz 05,VfL Wolfsburg,codere_it,2.34,3.5,2.95,2026-01-18T03:43:05Z
cd358949d5708d2b0909fa3d5d18cbba,2026-01-24T14:30:00Z,FSV Mainz 05,VfL Wolfsburg,skybet,2.3,3.4,2.88,2026-01-18T03:43:05Z
cd358949d5708d2b0909fa3d5d18cbba,2026-01-24T14:30:00Z,FSV Mainz 05,VfL Wolfsburg,unibet_uk,2.3,3.45,2.9,2026-01-18T03:43:17Z
cd358949d5708d2b0909fa3d5d18cbba,2026-01-24T14:30:00Z,FSV Mainz 05,VfL Wolfsburg,suprabets,2.3,3.45,2.91,2026-01-18T03:41:03Z
cd358949d5708d2b0909fa3d5d18cbba,2026-01-24T14:30:00Z,FSV Mainz 05,VfL Wolfsburg,paddypower,2.25,3.4,2.88,2026-01-18T03:43:17Z
cd358949d5708d2b0909fa3d5d18cbba,2026-01-24T14:30:00Z,FSV Mainz 05,VfL Wolfsburg,betway,2.3,3.4,2.88,2026-01-18T03:43:18Z
cd358949d5708d2b0909fa3d5d18cbba,2026-01-24T14:30:00Z,FSV Mainz 05,VfL Wolfsburg,tipico_de,2.3,3.5,3.0,2026-01-18T03:43:04Z
cd358949d5708d2b0909fa3d5d18cbba,2026-01-24T14:30:00Z,FSV Mainz 05,VfL Wolfsburg,onexbet,2.42,3.6,3.09,2026-01-18T03:43:44Z
cd358949d5708d2b0909fa3d5d18cbba,2026-01-24T14:30:00Z,FSV Mainz 05,VfL Wolfsburg,betfair_ex_uk,2.32,3.55,2.9,2026-01-18T03:43:32Z
cd358949d5708d2b0909fa3d5d18cbba,2026-01-24T14:30:00Z,FSV Mainz 05,VfL Wolfsburg,betfair_ex_eu,2.32,3.55,2.9,2026-01-18T03:43:31Z
cd358949d5708d2b0909fa3d5d18cbba,2026-01-24T14:30:00Z,FSV Mainz 05,VfL Wolfsburg,winamax_de,2.25,3.5,2.9,2026-01-18T03:42:52Z
cd358949d5708d2b0909fa3d5d18cbba,2026-01-24T14:30:00Z,FSV Mainz 05,VfL Wolfsburg,winamax_fr,2.2,3.35,2.8,2026-01-18T03:42:52Z
cd358949d5708d2b0909fa3d5d18cbba,2026-01-24T14:30:00Z,FSV Mainz 05,VfL Wolfsburg,sport888,2.25,3.3,2.9,2026-01-18T03:43:31Z
cd358949d5708d2b0909fa3d5d18cbba,2026-01-24T14:30:00Z,FSV Mainz 05,VfL Wolfsburg,williamhill,2.25,3.3,2.9,2026-01-18T03:43:44Z
cd358949d5708d2b0909fa3d5d18cbba,2026-01-24T14:30:00Z,FSV Mainz 05,VfL Wolfsburg,unibet_fr,2.14,3.28,2.78,2026-01-18T03:43:04Z
cd358949d5708d2b0909fa3d5d18cbba,2026-01-24T14:30:00Z,FSV Mainz 05,VfL Wolfsburg,betonlineag,2.32,3.5,2.92,2026-01-18T03:42:51Z
cd358949d5708d2b0909fa3d5d18cbba,2026-01-24T14:30:00Z,FSV Mainz 05,VfL Wolfsburg,unibet_se,2.33,3.5,3.05,2026-01-18T03:43:31Z
cd358949d5708d2b0909fa3d5d18cbba,2026-01-24T14:30:00Z,FSV Mainz 05,VfL Wolfsburg,leovegas_se,2.3,3.45,2.95,2026-01-18T03:43:46Z
cd358949d5708d2b0909fa3d5d18cbba,2026-01-24T14:30:00Z,FSV Mainz 05,VfL Wolfsburg,leovegas,2.25,3.4,2.95,2026-01-18T03:42:51Z
cd358949d5708d2b0909fa3d5d18cbba,2026-01-24T14:30:00Z,FSV Mainz 05,VfL Wolfsburg,unibet_nl,2.38,3.55,3.05,2026-01-18T03:43:31Z
cd358949d5708d2b0909fa3d5d18cbba,2026-01-24T14:30:00Z,FSV Mainz 05,VfL Wolfsburg,virginbet,2.25,3.35,2.9,2026-01-18T03:43:17Z
cd358949d5708d2b0909fa3d5d18cbba,2026-01-24T14:30:00Z,FSV Mainz 05,VfL Wolfsburg,casumo,2.3,3.45,2.95,2026-01-18T03:43:44Z
cd358949d5708d2b0909fa3d5d18cbba,2026-01-24T14:30:00Z,FSV Mainz 05,VfL Wolfsburg,livescorebet,2.23,3.35,2.88,2026-01-18T03:42:51Z
cd358949d5708d2b0909fa3d5d18cbba,2026-01-24T14:30:00Z,FSV Mainz 05,VfL Wolfsburg,grosvenor,2.3,3.45,2.95,2026-01-18T03:43:05Z
cd358949d5708d2b0909fa3d5d18cbba,2026-01-24T14:30:00Z,FSV Mainz 05,VfL Wolfsburg,betvictor,2.25,3.4,2.8,2026-01-18T03:38:07Z
cd358949d5708d2b0909fa3d5d18cbba,2026-01-24T14:30:00Z,FSV Mainz 05,VfL Wolfsburg,matchbook,2.16,3.25,2.66,2026-01-18T03:43:31Z
cd358949d5708d2b0909fa3d5d18cbba,2026-01-24T14:30:00Z,FSV Mainz 05,VfL Wolfsburg,betfair_sb_uk,2.1,3.0,2.63,2026-01-18T03:36:21Z
cd358949d5708d2b0909fa3d5d18cbba,2026-01-24T14:30:00Z,FSV Mainz 05,VfL Wolfsburg,gtbets,2.34,3.52,2.96,2026-01-18T03:43:32Z
ef261f1adb9a34642f07c113bea16eb6,2026-01-24T17:30:00Z,Union Berlin,Borussia Dortmund,pinnacle,3.84,3.52,1.97,2026-01-18T03:43:44Z
ef261f1adb9a34642f07c113bea16eb6,2026-01-24T17:30:00Z,Union Berlin,Borussia Dortmund,betsson,3.7,3.55,1.98,2026-01-18T03:43:07Z
ef261f1adb9a34642f07c113bea16eb6,2026-01-24T17:30:00Z,Union Berlin,Borussia Dortmund,nordicbet,3.7,3.55,1.98,2026-01-18T03:42:54Z
ef261f1adb9a34642f07c113bea16eb6,2026-01-24T17:30:00Z,Union Berlin,Borussia Dortmund,boylesports,3.6,3.4,1.91,2026-01-18T03:43:33Z
ef261f1adb9a34642f07c113bea16eb6,2026-01-24T17:30:00Z,Union Berlin,Borussia Dortmund,coolbet,4.0,3.6,1.98,2026-01-18T03:43:05Z
ef261f1adb9a34642f07c113bea16eb6,2026-01-24T17:30:00Z,Union Berlin,Borussia Dortmund,betclic_fr,3.78,3.43,1.88,2026-01-18T03:41:43Z
ef261f1adb9a34642f07c113bea16eb6,2026-01-24T17:30:00Z,Union Berlin,Borussia Dortmund,parionssport_fr,3.75,3.4,1.86,2026-01-18T03:43:44Z
ef261f1adb9a34642f07c113bea16eb6,2026-01-24T17:30:00Z,Union Berlin,Borussia Dortmund,unibet_uk,3.75,3.45,1.95,2026-01-18T03:43:17Z
ef261f1adb9a34642f07c113bea16eb6,2026-01-24T17:30:00Z,Union Berlin,Borussia Dortmund,smarkets,3.75,3.45,1.96,2026-01-18T03:43:45Z
ef261f1adb9a34642f07c113bea16eb6,2026-01-24T17:30:00Z,Union Berlin,Borussia Dortmund,pmu_fr,3.6,3.25,1.8,2026-01-18T03:43:18Z
ef261f1adb9a34642f07c113bea16eb6,2026-01-24T17:30:00Z,Union Berlin,Borussia Dortmund,marathonbet,3.95,3.55,2.01,2026-01-18T03:43:05Z
ef261f1adb9a34642f07c113bea16eb6,2026-01-24T17:30:00Z,Union Berlin,Borussia Dortmund,tipico_de,3.9,3.5,1.95,2026-01-18T03:43:04Z
ef261f1adb9a34642f07c113bea16eb6,2026-01-24T17:30:00Z,Union Berlin,Borussia Dortmund,suprabets,3.77,3.45,1.94,2026-01-18T03:41:03Z
ef261f1adb9a34642f07c113bea16eb6,2026-01-24T17:30:00Z,Union Berlin,Borussia Dortmund,paddypower,3.8,3.4,1.91,2026-01-18T03:43:17Z
ef261f1adb9a34642f07c113bea16eb6,2026-01-24T17:30:00Z,Union Berlin,Borussia Dortmund,skybet,3.8,3.4,1.95,2026-01-18T03:43:05Z
ef261f1adb9a34642f07c113bea16eb6,2026-01-24T17:30:00Z,Union Berlin,Borussia Dortmund,onexbet,4.01,3.61,2.04,2026-01-18T03:43:44Z
ef261f1adb9a34642f07c113bea16eb6,2026-01-24T17:30:00Z,Union Berlin,Borussia Dortmund,betfair_ex_uk,3.9,3.45,1.98,2026-01-18T03:43:32Z
ef261f1adb9a34642f07c113bea16eb6,2026-01-24T17:30:00Z,Union Berlin,Borussia Dortmund,betfair_ex_eu,3.9,3.45,1.98,2026-01-18T03:43:31Z
ef261f1adb9a34642f07c113bea16eb6,2026-01-24T17:30:00Z,Union Berlin,Borussia Dortmund,winamax_de,3.75,3.45,1.94,2026-01-18T03:42:52Z
ef261f1adb9a34642f07c113bea16eb6,2026-01-24T17:30:00Z,Union Berlin,Borussia Dortmund,winamax_fr,3.65,3.35,1.88,2026-01-18T03:42:52Z
ef261f1adb9a34642f07c113bea16eb6,2026-01-24T17:30:00Z,Union Berlin,Borussia Dortmund,sport888,3.75,3.3,1.95,2026-01-18T03:43:31Z
ef261f1adb9a34642f07c113bea16eb6,2026-01-24T17:30:00Z,Union Berlin,Borussia Dortmund,williamhill,3.75,3.3,1.95,2026-01-18T03:43:44Z
ef261f1adb9a34642f07c113bea16eb6,2026-01-24T17:30:00Z,Union Berlin,Borussia Dortmund,betonlineag,3.8,3.52,1.95,2026-01-18T03:42:51Z
ef261f1adb9a34642f07c113bea16eb6,2026-01-24T17:30:00Z,Union Berlin,Borussia Dortmund,grosvenor,3.95,3.4,1.91,2026-01-18T03:43:05Z
ef261f1adb9a34642f07c113bea16eb6,2026-01-24T17:30:00Z,Union Berlin,Borussia Dortmund,unibet_se,4.0,3.5,1.94,2026-01-18T03:43:31Z
ef261f1adb9a34642f07c113bea16eb6,2026-01-24T17:30:00Z,Union Berlin,Borussia Dortmund,leovegas_se,3.95,3.4,1.91,2026-01-18T03:43:46Z
ef261f1adb9a34642f07c113bea16eb6,2026-01-24T17:30:00Z,Union Berlin,Borussia Dortmund,leovegas,3.9,3.4,1.88,2026-01-18T03:42:51Z
ef261f1adb9a34642f07c113bea16eb6,2026-01-24T17:30:00Z,Union Berlin,Borussia Dortmund,virginbet,3.85,3.35,1.87,2026-01-18T03:43:17Z
ef261f1adb9a34642f07c113bea16eb6,2026-01-24T17:30:00Z,Union Berlin,Borussia Dortmund,casumo,3.95,3.4,1.91,2026-01-18T03:43:44Z
ef261f1adb9a34642f07c113bea16eb6,2026-01-24T17:30:00Z,Union Berlin,Borussia Dortmund,unibet_nl,4.1,3.5,1.96,2026-01-18T03:43:31Z
ef261f1adb9a34642f07c113bea16eb6,2026-01-24T17:30:00Z,Union Berlin,Borussia Dortmund,livescorebet,3.85,3.3,1.85,2026-01-18T03:42:51Z
ef261f1adb9a34642f07c113bea16eb6,2026-01-24T17:30:00Z,Union Berlin,Borussia Dortmund,betvictor,3.6,3.4,1.91,2026-01-18T03:38:07Z
ef261f1adb9a34642f07c113bea16eb6,2026-01-24T17:30:00Z,Union Berlin,Borussia Dortmund,unibet_fr,3.58,3.28,1.83,2026-01-18T03:43:04Z
ef261f1adb9a34642f07c113bea16eb6,2026-01-24T17:30:00Z,Union Berlin,Borussia Dortmund,matchbook,3.55,3.15,1.85,2026-01-18T03:43:31Z
ef261f1adb9a34642f07c113bea16eb6,2026-01-24T17:30:00Z,Union Berlin,Borussia Dortmund,betfair_sb_uk,3.6,3.0,1.83,2026-01-18T03:43:11Z
ef261f1adb9a34642f07c113bea16eb6,2026-01-24T17:30:00Z,Union Berlin,Borussia Dortmund,gtbets,3.92,3.47,1.97,2026-01-18T03:43:32Z
3f300d6cc22952ec4914be8fe3d92463,2026-01-25T14:30:00Z,Borussia Monchengladbach,VfB Stuttgart,coolbet,3.1,3.85,2.25,2026-01-18T03:43:05Z
3f300d6cc22952ec4914be8fe3d92463,2026-01-25T14:30:00Z,Borussia Monchengladbach,VfB Stuttgart,pmu_fr,2.75,3.5,2.05,2026-01-18T03:43:18Z
3f300d6cc22952ec4914be8fe3d92463,2026-01-25T14:30:00Z,Borussia Monchengladbach,VfB Stuttgart,nordicbet,3.05,3.7,2.18,2026-01-18T03:42:54Z
3f300d6cc22952ec4914be8fe3d92463,2026-01-25T14:30:00Z,Borussia Monchengladbach,VfB Stuttgart,betsson,3.05,3.7,2.18,2026-01-18T03:43:07Z
3f300d6cc22952ec4914be8fe3d92463,2026-01-25T14:30:00Z,Borussia Monchengladbach,VfB Stuttgart,pinnacle,3.03,3.8,2.19,2026-01-18T03:43:44Z
3f300d6cc22952ec4914be8fe3d92463,2026-01-25T14:30:00Z,Borussia Monchengladbach,VfB Stuttgart,paddypower,2.88,3.6,2.1,2026-01-18T03:43:17Z
3f300d6cc22952ec4914be8fe3d92463,2026-01-25T14:30:00Z,Borussia Monchengladbach,VfB Stuttgart,betclic_fr,2.92,3.75,2.08,2026-01-18T03:41:43Z
3f300d6cc22952ec4914be8fe3d92463,2026-01-25T14:30:00Z,Borussia Monchengladbach,VfB Stuttgart,unibet_uk,2.9,3.75,2.15,2026-01-18T03:43:17Z
3f300d6cc22952ec4914be8fe3d92463,2026-01-25T14:30:00Z,Borussia Monchengladbach,VfB Stuttgart,parionssport_fr,2.75,3.7,2.15,2026-01-18T03:43:44Z
3f300d6cc22952ec4914be8fe3d92463,2026-01-25T14:30:00Z,Borussia Monchengladbach,VfB Stuttgart,boylesports,2.75,3.6,2.05,2026-01-18T03:43:33Z
3f300d6cc22952ec4914be8fe3d92463,2026-01-25T14:30:00Z,Borussia Monchengladbach,VfB Stuttgart,skybet,2.9,3.6,2.15,2026-01-18T03:43:05Z
3f300d6cc22952ec4914be8fe3d92463,2026-01-25T14:30:00Z,Borussia Monchengladbach,VfB Stuttgart,smarkets,2.96,3.9,2.16,2026-01-18T03:43:45Z
3f300d6cc22952ec4914be8fe3d92463,2026-01-25T14:30:00Z,Borussia Monchengladbach,VfB Stuttgart,unibet_fr,2.8,3.58,2.03,2026-01-18T03:43:04Z
3f300d6cc22952ec4914be8fe3d92463,2026-01-25T14:30:00Z,Borussia Monchengladbach,VfB Stuttgart,marathonbet,3.06,3.86,2.24,2026-01-18T03:43:05Z
3f300d6cc22952ec4914be8fe3d92463,2026-01-25T14:30:00Z,Borussia Monchengladbach,VfB Stuttgart,codere_it,3.0,3.85,2.21,2026-01-18T03:43:05Z
3f300d6cc22952ec4914be8fe3d92463,2026-01-25T14:30:00Z,Borussia Monchengladbach,VfB Stuttgart,tipico_de,3.1,3.7,2.15,2026-01-18T03:43:04Z
3f300d6cc22952ec4914be8fe3d92463,2026-01-25T14:30:00Z,Borussia Monchengladbach,VfB Stuttgart,suprabets,2.97,3.71,2.16,2026-01-18T03:41:03Z
3f300d6cc22952ec4914be8fe3d92463,2026-01-25T14:30:00Z,Borussia Monchengladbach,VfB Stuttgart,betway,2.88,3.75,2.15,2026-01-18T03:43:18Z
3f300d6cc22952ec4914be8fe3d92463,2026-01-25T14:30:00Z,Borussia Monchengladbach,VfB Stuttgart,onexbet,3.11,3.92,2.28,2026-01-18T03:43:44Z
3f300d6cc22952ec4914be8fe3d92463,2026-01-25T14:30:00Z,Borussia Monchengladbach,VfB Stuttgart,betfair_ex_uk,2.98,3.95,2.18,2026-01-18T03:43:32Z
3f300d6cc22952ec4914be8fe3d92463,2026-01-25T14:30:00Z,Borussia Monchengladbach,VfB Stuttgart,betfair_ex_eu,2.98,3.95,2.18,2026-01-18T03:43:31Z
3f300d6cc22952ec4914be8fe3d92463,2026-01-25T14:30:00Z,Borussia Monchengladbach,VfB Stuttgart,winamax_de,2.9,3.8,2.15,2026-01-18T03:42:52Z
3f300d6cc22952ec4914be8fe3d92463,2026-01-25T14:30:00Z,Borussia Monchengladbach,VfB Stuttgart,winamax_fr,2.8,3.7,2.1,2026-01-18T03:42:52Z
3f300d6cc22952ec4914be8fe3d92463,2026-01-25T14:30:00Z,Borussia Monchengladbach,VfB Stuttgart,sport888,2.88,3.6,2.2,2026-01-18T03:43:31Z
3f300d6cc22952ec4914be8fe3d92463,2026-01-25T14:30:00Z,Borussia Monchengladbach,VfB Stuttgart,williamhill,2.88,3.6,2.2,2026-01-18T03:43:44Z
3f300d6cc22952ec4914be8fe3d92463,2026-01-25T14:30:00Z,Borussia Monchengladbach,VfB Stuttgart,betonlineag,3.0,3.75,2.17,2026-01-18T03:42:51Z
3f300d6cc22952ec4914be8fe3d92463,2026-01-25T14:30:00Z,Borussia Monchengladbach,VfB Stuttgart,unibet_se,3.05,3.75,2.23,2026-01-18T03:43:31Z
3f300d6cc22952ec4914be8fe3d92463,2026-01-25T14:30:00Z,Borussia Monchengladbach,VfB Stuttgart,leovegas,2.95,3.65,2.16,2026-01-18T03:42:51Z
3f300d6cc22952ec4914be8fe3d92463,2026-01-25T14:30:00Z,Borussia Monchengladbach,VfB Stuttgart,leovegas_se,3.0,3.7,2.18,2026-01-18T03:43:46Z
3f300d6cc22952ec4914be8fe3d92463,2026-01-25T14:30:00Z,Borussia Monchengladbach,VfB Stuttgart,casumo,3.0,3.7,2.18,2026-01-18T03:43:44Z
3f300d6cc22952ec4914be8fe3d92463,2026-01-25T14:30:00Z,Borussia Monchengladbach,VfB Stuttgart,virginbet,2.9,3.6,2.14,2026-01-18T03:43:17Z
3f300d6cc22952ec4914be8fe3d92463,2026-01-25T14:30:00Z,Borussia Monchengladbach,VfB Stuttgart,unibet_nl,3.1,3.8,2.25,2026-01-18T03:43:31Z
3f300d6cc22952ec4914be8fe3d92463,2026-01-25T14:30:00Z,Borussia Monchengladbach,VfB Stuttgart,livescorebet,2.9,3.55,2.12,2026-01-18T03:42:51Z
3f300d6cc22952ec4914be8fe3d92463,2026-01-25T14:30:00Z,Borussia Monchengladbach,VfB Stuttgart,grosvenor,3.0,3.7,2.18,2026-01-18T03:43:05Z
3f300d6cc22952ec4914be8fe3d92463,2026-01-25T14:30:00Z,Borussia Monchengladbach,VfB Stuttgart,betvictor,2.88,3.6,2.1,2026-01-18T03:38:07Z
78a72e14e5c1dbee61854658f3fe70f1,2026-01-25T16:30:00Z,SC Freiburg,1. FC Köln,pinnacle,1.85,3.73,4.09,2026-01-18T03:43:44Z
78a72e14e5c1dbee61854658f3fe70f1,2026-01-25T16:30:00Z,SC Freiburg,1. FC Köln,betsson,1.88,3.7,3.95,2026-01-18T03:43:07Z
78a72e14e5c1dbee61854658f3fe70f1,2026-01-25T16:30:00Z,SC Freiburg,1. FC Köln,nordicbet,1.88,3.7,3.95,2026-01-18T03:42:54Z
78a72e14e5c1dbee61854658f3fe70f1,2026-01-25T16:30:00Z,SC Freiburg,1. FC Köln,coolbet,1.87,3.75,4.4,2026-01-18T03:43:05Z
78a72e14e5c1dbee61854658f3fe70f1,2026-01-25T16:30:00Z,SC Freiburg,1. FC Köln,boylesports,1.8,3.5,3.75,2026-01-18T03:43:33Z
78a72e14e5c1dbee61854658f3fe70f1,2026-01-25T16:30:00Z,SC Freiburg,1. FC Köln,parionssport_fr,1.76,3.6,3.95,2026-01-18T03:43:44Z
78a72e14e5c1dbee61854658f3fe70f1,2026-01-25T16:30:00Z,SC Freiburg,1. FC Köln,unibet_uk,1.84,3.6,4.0,2026-01-18T03:43:17Z
78a72e14e5c1dbee61854658f3fe70f1,2026-01-25T16:30:00Z,SC Freiburg,1. FC Köln,smarkets,1.83,3.65,3.95,2026-01-18T03:43:45Z
78a72e14e5c1dbee61854658f3fe70f1,2026-01-25T16:30:00Z,SC Freiburg,1. FC Köln,pmu_fr,1.7,3.4,3.9,2026-01-18T03:43:18Z
78a72e14e5c1dbee61854658f3fe70f1,2026-01-25T16:30:00Z,SC Freiburg,1. FC Köln,marathonbet,1.87,3.75,4.33,2026-01-18T03:43:05Z
78a72e14e5c1dbee61854658f3fe70f1,2026-01-25T16:30:00Z,SC Freiburg,1. FC Köln,betclic_fr,1.77,3.63,4.0,2026-01-18T03:41:43Z
78a72e14e5c1dbee61854658f3fe70f1,2026-01-25T16:30:00Z,SC Freiburg,1. FC Köln,codere_it,1.87,3.7,4.1,2026-01-18T03:43:05Z
78a72e14e5c1dbee61854658f3fe70f1,2026-01-25T16:30:00Z,SC Freiburg,1. FC Köln,skybet,1.8,3.6,4.2,2026-01-18T03:43:05Z
78a72e14e5c1dbee61854658f3fe70f1,2026-01-25T16:30:00Z,SC Freiburg,1. FC Köln,tipico_de,1.83,3.7,4.2,2026-01-18T03:43:04Z
78a72e14e5c1dbee61854658f3fe70f1,2026-01-25T16:30:00Z,SC Freiburg,1. FC Köln,suprabets,1.83,3.64,4.0,2026-01-18T03:41:03Z
78a72e14e5c1dbee61854658f3fe70f1,2026-01-25T16:30:00Z,SC Freiburg,1. FC Köln,paddypower,1.75,3.6,4.2,2026-01-18T03:43:17Z
78a72e14e5c1dbee61854658f3fe70f1,2026-01-25T16:30:00Z,SC Freiburg,1. FC Köln,betway,1.85,3.6,3.8,2026-01-18T03:43:18Z
78a72e14e5c1dbee61854658f3fe70f1,2026-01-25T16:30:00Z,SC Freiburg,1. FC Köln,onexbet,1.9,3.81,4.41,2026-01-18T03:43:44Z
78a72e14e5c1dbee61854658f3fe70f1,2026-01-25T16:30:00Z,SC Freiburg,1. FC Köln,betfair_ex_uk,1.86,3.65,4.2,2026-01-18T03:43:32Z
78a72e14e5c1dbee61854658f3fe70f1,2026-01-25T16:30:00Z,SC Freiburg,1. FC Köln,betfair_ex_eu,1.86,3.65,4.2,2026-01-18T03:43:31Z
78a72e14e5c1dbee61854658f3fe70f1,2026-01-25T16:30:00Z,SC Freiburg,1. FC Köln,winamax_de,1.82,3.65,4.0,2026-01-18T03:42:52Z
78a72e14e5c1dbee61854658f3fe70f1,2026-01-25T16:30:00Z,SC Freiburg,1. FC Köln,winamax_fr,1.78,3.55,3.85,2026-01-18T03:42:52Z
78a72e14e5c1dbee61854658f3fe70f1,2026-01-25T16:30:00Z,SC Freiburg,1. FC Köln,sport888,1.8,3.5,4.0,2026-01-18T03:43:31Z
78a72e14e5c1dbee61854658f3fe70f1,2026-01-25T16:30:00Z,SC Freiburg,1. FC Köln,williamhill,1.8,3.5,4.0,2026-01-18T03:43:44Z
78a72e14e5c1dbee61854658f3fe70f1,2026-01-25T16:30:00Z,SC Freiburg,1. FC Köln,betonlineag,1.85,3.7,4.0,2026-01-18T03:42:51Z
78a72e14e5c1dbee61854658f3fe70f1,2026-01-25T16:30:00Z,SC Freiburg,1. FC Köln,livescorebet,1.78,3.45,4.0,2026-01-18T03:42:51Z
78a72e14e5c1dbee61854658f3fe70f1,2026-01-25T16:30:00Z,SC Freiburg,1. FC Köln,grosvenor,1.83,3.55,4.2,2026-01-18T03:43:05Z
78a72e14e5c1dbee61854658f3fe70f1,2026-01-25T16:30:00Z,SC Freiburg,1. FC Köln,unibet_se,1.88,3.65,4.25,2026-01-18T03:43:31Z
78a72e14e5c1dbee61854658f3fe70f1,2026-01-25T16:30:00Z,SC Freiburg,1. FC Köln,leovegas_se,1.83,3.55,4.2,2026-01-18T03:43:46Z
78a72e14e5c1dbee61854658f3fe70f1,2026-01-25T16:30:00Z,SC Freiburg,1. FC Köln,leovegas,1.82,3.5,4.1,2026-01-18T03:42:51Z
78a72e14e5c1dbee61854658f3fe70f1,2026-01-25T16:30:00Z,SC Freiburg,1. FC Köln,casumo,1.83,3.55,4.2,2026-01-18T03:43:44Z
78a72e14e5c1dbee61854658f3fe70f1,2026-01-25T16:30:00Z,SC Freiburg,1. FC Köln,virginbet,1.8,3.5,4.1,2026-01-18T03:43:17Z
78a72e14e5c1dbee61854658f3fe70f1,2026-01-25T16:30:00Z,SC Freiburg,1. FC Köln,unibet_nl,1.89,3.7,4.3,2026-01-18T03:43:31Z
78a72e14e5c1dbee61854658f3fe70f1,2026-01-25T16:30:00Z,SC Freiburg,1. FC Köln,betvictor,1.8,3.5,3.9,2026-01-18T03:38:07Z
78a72e14e5c1dbee61854658f3fe70f1,2026-01-25T16:30:00Z,SC Freiburg,1. FC Köln,unibet_fr,1.74,3.45,3.8,2026-01-18T03:43:04Z
